Unilever Closing Prices,15 day Simple Moving Average,50 day simple moving average,10 day Momentum,MA Action,MOM Action
357.54,0,0,0,0,0
356.44,0,0,0,0,0
358.1,0,0,0,0,0
352.03,0,0,0,0,0
353.13,0,0,0,0,0
350.37,0,0,0,0,0
345.96,0,0,0,0,0
352.58,0,0,0,0,0
360.85,0,0,0,0,0
360.85,0,0,0,0,0
359.2,0,0,1.66,0,1
355.89,0,0,-0.55,0,2
352.03,0,0,-6.07,0,2
350.37,0,0,-1.66,0,2
348.16,0,0,-4.97,0,2
341.54,354.2333333,0,-8.83,0,2
352.58,353.1666667,0,6.62,0,1
352.58,352.9093333,0,0,0,0
354.79,352.5413333,0,-6.06,0,2
361.41,352.7253333,0,0.56,0,1
360.85,353.2773333,0,1.65,0,1
361.96,353.976,0,6.07,0,1
361.96,355.0426667,0,9.93,0,1
358.65,355.668,0,8.28,0,1
357.54,355.5213333,0,9.38,0,1
363.61,355.3006667,0,22.07,0,1
369.13,355.5946667,0,16.55,0,1
370.23,356.4773333,0,17.65,0,1
371.34,357.6906667,0,16.55,0,1
374.65,359.0886667,0,13.24,0,1
380.17,360.8546667,0,19.32,0,1
386.24,363.43,0,24.28,0,1
388.99,365.674,0,27.03,0,1
391.75,368.1013333,0,33.1,0,1
391.2,370.5653333,0,33.66,0,1
385.68,372.5513333,0,22.07,0,1
387.89,374.2066667,0,18.76,0,1
387.34,375.9353333,0,17.11,0,1
387.34,377.6273333,0,16,0,1
395.62,379.54,0,20.97,0,1
390.65,382.0786667,0,10.48,0,1
386.24,383.8813333,0,0,0,0
389.55,385.022,0,0.56,0,1
385.68,386.31,0,-6.07,0,2
388.99,387.266,0,-2.21,0,2
385.68,388.222,0,0,0,0
386.79,388.5893333,0,-1.1,0,2
386.79,388.626,0,-0.55,0,2
386.79,388.4793333,0,-0.55,0,2
395.62,388.1486667,0,0,0,0
395.06,388.4433333,369.8264,4.41,1,1
402.24,389.0686667,370.5768,16,1,1
402.24,390.0253333,371.4928,12.69,1,1
403.89,391.0186667,372.3756,18.21,1,1
403.89,392.122,373.4128,14.9,1,1
399.48,392.6733333,374.428,13.8,1,1
396.72,393.262,375.4102,9.93,1,1
387.34,393.9606667,376.4254,0.55,1,1
388.44,393.8133333,377.1206,1.65,1,1
381.27,393.9973333,377.6724,-14.35,1,2
382.93,393.4826667,378.0808,-12.13,1,2
377.41,393.2993333,378.5554,-24.83,1,2
371.34,392.674,378.9858,-30.9,1,2
367.48,391.644,379.372,-36.41,1,2
374.1,390.3566667,379.7142,-29.79,1,2
371.34,388.922,380.233,-28.14,1,2
374.1,387.3406667,380.829,-22.62,1,2
368.03,385.4646667,381.2594,-19.31,1,2
369.13,383.184,381.5684,-19.31,1,2
366.92,380.8666667,381.8552,-14.35,2,2
369.68,378.402,381.9654,-13.25,2,2
368.58,376.4153333,382.142,-8.83,2,2
368.58,374.5393333,382.2744,-2.76,2,2
368.03,373.2886667,382.4068,0.55,2,1
368.03,371.928,382.5944,-6.07,2,2
372.44,371.0453333,382.8042,1.1,2,1
371.89,370.346,382.9808,-2.21,2,2
371.34,369.978,383.036,3.31,2,1
365.82,369.978,383.0582,-3.31,2,2
363.61,369.8673333,382.9478,-3.31,2,2
365.82,369.168,382.727,-3.86,2,2
360.85,368.8,382.44,-7.73,2,2
359.2,367.9166667,381.9322,-9.38,2,2
358.1,367.328,381.3364,-9.93,2,2
355.89,366.5926667,380.6634,-12.14,2,2
357.54,365.8573333,379.9572,-14.9,2,2
361.41,365.048,379.3944,-10.48,2,2
356.99,364.57,378.8648,-14.35,2,2
350.92,363.7973333,378.2578,-14.9,2,2
347.61,362.6566667,377.5294,-16,2,2
347.61,361.2953333,376.5692,-18.21,2,2
341.54,359.64,375.7084,-19.31,2,2
344.85,357.6166667,374.8144,-14.35,2,2
347.61,355.8506667,373.9204,-10.49,2,2
346.51,354.6366667,373.159,-9.38,2,2
343.2,353.4966667,372.3094,-14.34,2,2
347.06,351.9886667,371.4598,-14.35,2,2
345.96,351.0693333,370.6652,-11.03,2,2
345.41,350.1866667,369.8486,-5.51,2,2
350.37,349.3406667,369.021,2.76,2,1
355.61,348.9726667,368.116,8,2,1
358.1,348.844,367.327,16.56,2,1
359.75,348.6233333,366.4442,14.9,2,1
363.06,348.8073333,365.5944,15.45,2,1
363.61,349.6166667,364.7778,17.1,2,1
366.37,350.6833333,363.9722,23.17,2,1
372.99,351.934,363.31,25.93,2,1
366.92,354.0306667,362.8354,20.96,2,1
365.82,355.502,362.427,20.41,2,1
366.92,356.716,361.9746,16.55,2,1
366.37,358.0766667,361.6876,10.76,2,1
366.92,359.6213333,361.3564,8.82,2,1
366.92,360.9453333,361.1466,7.17,2,1
364.72,362.3426667,361.0582,1.66,1,1
366.92,363.63,361.003,3.31,1,1
369.13,364.7333333,360.8594,2.76,1,1
365.27,365.6346667,360.8152,-7.72,1,2
363.61,366.1126667,360.6386,-3.31,1,2
365.27,366.37,360.5502,-0.55,1,2
361.41,366.5173333,360.473,-5.51,1,2
365.27,366.3706667,360.3628,-1.1,1,2
365.82,366.2973333,360.2746,-1.1,1,2
360.85,365.8193333,360.2194,-6.07,1,2
358.1,365.4146667,360.0648,-6.62,1,2
358.65,364.9,359.8662,-8.27,1,2
357.54,364.3486667,359.6786,-11.59,1,2
357.54,363.76,359.3806,-7.73,1,2
357.54,363.1346667,359.0936,-6.07,1,2
358.1,362.5093333,358.8176,-7.17,1,2
359.2,362.068,358.6632,-2.21,1,2
356.99,361.5533333,358.575,-8.28,1,2
354.79,360.744,358.3984,-11.03,1,2
344.85,360.0453333,358.2772,-16,1,2
345.96,358.7946667,357.9902,-12.14,1,2
340.44,357.5073333,357.7474,-18.21,2,2
341.54,356.1093333,357.4384,-16,2,2
339.34,354.5273333,357.1184,-18.2,2,2
339.89,352.762,356.677,-17.65,2,2
339.89,351.3646667,356.335,-18.21,2,2
344.85,350.1506667,356.1144,-14.35,2,2
349.82,349.2306667,356.0592,-7.17,2,2
353.68,348.716,356.1034,-1.11,2,2
353.68,348.4586667,356.3462,8.83,2,1
354.23,348.2013333,356.5228,8.27,2,1
351.75,347.9433333,356.6552,11.31,2,1
351.47,347.4466667,356.76,9.93,2,1
356.99,347.0786667,356.9254,17.65,2,1
368.03,347.2253333,357.124,28.14,2,1
368.03,348.7706667,357.5654,28.14,2,1
368.03,350.242,358.0178,23.18,2,1
375.75,352.0813333,358.371,25.93,2,1
372.44,354.362,358.7738,18.76,2,1
371.34,356.5686667,359.0606,17.66,2,1
372.44,358.6653333,359.2924,18.21,2,1
368.58,360.8353333,359.48,16.83,1,1
365.82,362.4173333,359.5794,14.35,1,1
366.37,363.484,359.5684,9.38,1,1
366.37,364.33,359.436,-1.66,1,2
370.23,365.176,359.425,2.2,1,1
374.65,366.2426667,359.5132,6.62,1,1
377.96,367.7693333,359.6678,2.21,1,1
382.37,369.5353333,359.8996,9.93,1,1
385.13,371.2273333,360.2086,13.79,1,1
390.1,372.3673333,360.5728,17.66,1,1
388.99,373.8386667,361.0804,20.41,1,1
385.13,375.236,361.5218,19.31,1,1
382.37,375.8613333,361.8418,16,1,1
377.41,376.5233333,362.1838,11.04,1,1
379.61,376.928,362.4598,9.38,1,1
382.37,377.406,362.7466,7.72,1,1
385.68,378.3253333,363.1658,7.72,1,1
380.72,379.6493333,363.574,-1.65,1,2
376.3,380.606,363.872,-8.83,1,2
378.51,381.268,364.181,-11.59,1,2
380.72,381.82,364.5892,-8.27,1,2
380.72,382.2246667,365.0306,-4.41,1,2
381.82,382.4086667,365.4942,-0.55,1,2
387.89,382.372,365.9798,10.48,1,1
388.99,382.556,366.5868,9.38,1,1
387.89,382.482,367.2046,5.52,1,1
388.44,382.4086667,367.7784,2.76,1,1
392.86,382.6293333,368.4074,12.14,1,1
392.31,383.3286667,369.1688,16.01,1,1
391.75,384.322,370.118,13.24,1,1
384.58,385.1313333,371.0338,3.86,1,1
379.61,385.2786667,371.9166,-1.11,1,2
382.37,384.874,372.678,0.55,1,1
377.41,384.984,373.5386,-10.48,1,2
372.99,385.058,374.289,-16,1,2
377.96,384.69,374.951,-9.93,1,2
380.72,384.506,375.6132,-7.72,1,2
384.58,384.506,376.2312,-8.28,1,2
393.96,384.69,376.8492,1.65,1,1
397.27,385.0946667,377.6548,5.52,1,1
394.51,385.6466667,378.5156,9.93,1,1
385.13,386.088,379.3708,5.52,1,1
386.79,385.8673333,380.044,4.42,1,1
382.93,385.4626667,380.64,5.52,1,1
383.48,384.8373333,380.938,10.49,1,1
387.89,384.286,381.247,9.93,1,1
386.24,384.5066667,381.6442,5.52,1,1
384.03,384.9486667,381.854,-0.55,1,2
382.37,385.0593333,382.0858,-11.59,1,2
384.03,385.39,382.3064,-13.24,1,2
388.44,386.126,382.5382,-6.07,1,2
380.17,386.8246667,382.9354,-4.96,1,2
370.23,386.788,383.2224,-16.56,1,2
360.85,385.8313333,383.2996,-22.08,1,2
365.82,383.624,383.1892,-17.66,1,2
367.48,381.5273333,383.101,-20.41,2,2
369.68,379.7253333,382.9576,-16.56,2,2
364.72,378.6953333,382.792,-19.31,2,2
360.85,377.224,382.439,-21.52,2,2
366.37,375.752,381.9534,-17.66,2,2
370.23,374.6113333,381.4788,-18.21,2,2
365.82,373.434,381.1036,-14.35,2,2
362.51,372.0726667,380.7174,-7.72,2,2
354.79,370.638,380.3202,-6.06,2,2
344.85,368.7993333,379.8678,-20.97,2,2
343.75,366.1873333,379.1726,-23.73,2,2
342.65,363.208,378.4002,-27.03,2,2
344.3,360.7066667,377.5396,-20.42,2,2
344.3,358.978,376.8112,-16.55,2,2
348.72,357.8746667,376.1712,-17.65,2,2
343.2,356.7346667,375.5754,-27.03,2,2
342.65,355.116,374.825,-23.17,2,2
346.51,353.314,374.0636,-16,2,2
346.51,352.1,373.3574,-8.28,2,2
346.51,351.144,372.5298,1.66,2,1
344.3,349.82,371.6802,0.55,2,1
344.3,348.0913333,370.8084,1.65,2,1
345.96,346.6566667,369.9256,1.66,2,1
352.58,345.5533333,368.9876,8.28,2,1
355.34,345.406,368.193,6.62,2,1
354.79,346.1053333,367.4648,11.59,2,1
349.82,346.8413333,366.869,7.17,2,1
340.99,347.3193333,366.2732,-5.52,2,2
339.34,347.0986667,365.4456,-7.17,2,2
331.61,346.768,364.6842,-14.9,2,2
336.03,345.6273333,363.8566,-8.27,2,2
329.4,345.1493333,363.018,-14.9,2,2
334.92,344.266,361.9916,-11.04,2,2
324.99,343.4933333,360.9984,-27.59,2,2
329.96,342.0586667,359.619,-25.38,2,2
333.82,340.9553333,358.2728,-20.97,2,2
336.03,340.2566667,357.059,-13.79,2,2
334.92,339.7053333,356.077,-6.07,2,2
340.99,338.9693333,355.0396,1.65,2,1
349.82,338.1966667,354.2008,18.21,2,1
357.54,337.8286667,353.5276,21.51,2,1
353.13,338.012,352.9206,23.73,2,1
355.89,338.2326667,352.2584,20.97,2,1
358.65,339.226,351.6956,33.66,2,1
353.13,340.5133333,351.2212,23.17,2,1
354.79,341.948,350.6032,20.97,2,1
355.34,343.1986667,349.9302,19.31,2,1
360.3,344.928,349.4336,25.38,2,1
363.06,346.62,349.235,22.07,2,1
360.3,349.158,349.2792,10.48,2,1
352.58,351.1806667,349.1688,-4.96,1,2
355.34,352.4313333,348.8708,2.21,1,1
358.65,353.7186667,348.584,2.76,1,1
363.06,355.3006667,348.4626,4.41,1,1
365.27,356.772,348.5068,12.14,1,1
363.06,357.802,348.4848,8.27,1,1
364.72,358.17,348.3414,9.38,1,1
361.41,358.9426667,348.3194,1.11,1,1
362.51,359.3106667,348.2974,-0.55,1,2
360.85,359.568,348.4518,0.55,1,1
365.82,360.0826667,348.7718,13.24,1,1
357.54,360.818,349.2132,2.2,1,1
354.79,360.9646667,349.511,-3.86,1,2
353.13,360.5973333,349.7208,-9.93,1,2
353.68,359.9353333,349.8974,-11.59,1,2
351.47,359.494,349.9966,-11.59,1,2
343.2,359.42,350.162,-21.52,1,2
337.68,358.6106667,350.173,-23.73,1,2
344.3,357.2126667,349.9964,-18.21,1,2
352.03,355.962,349.9522,-8.82,1,2
350.37,355.0793333,350.0626,-15.45,1,2
353.13,354.2333333,350.184,-4.41,1,2
353.13,353.4606667,350.3606,-1.66,1,2
358.1,352.9086667,350.504,4.97,1,1
359.75,352.6146667,350.6144,6.07,1,1
357.54,352.5413333,350.7026,6.07,1,1
359.2,351.9893333,350.7576,16,1,1
362.51,352.1,350.9452,24.83,1,1
355.89,352.6146667,351.3756,11.59,1,1
358.65,352.7986667,351.7066,6.62,1,1
358.1,353.13,352.2474,7.73,1,1
358.1,353.572,352.6888,4.97,1,1
360.85,354.5653333,353.2628,7.72,1,1
361.96,356.11,353.7814,3.86,1,1
361.41,357.2873333,354.5208,1.66,1,1
363.06,357.9126667,355.1498,5.52,1,1
371.34,358.7586667,355.7346,12.14,1,1
375.2,359.9726667,356.4408,12.69,1,1
375.2,361.444,357.2464,19.31,1,1
377.41,362.584,357.9306,18.76,1,1
377.96,363.7613333,358.4824,19.86,1,1
380.72,365.1226667,358.8908,22.62,1,1
381.27,366.5573333,359.4426,20.42,1,1
380.72,367.808,359.9502,18.76,1,1
383.48,369.4633333,360.3916,22.07,1,1
384.58,371.1186667,360.9986,21.52,1,1
379.06,372.884,361.5944,7.72,1,1
380.72,374.2813333,362.0688,5.52,1,1
377.96,375.606,362.4772,2.76,1,1
377.96,376.6726667,362.7752,0.55,1,1
377.96,377.776,363.1284,0,1,0
380.17,378.7693333,363.636,-0.55,1,2
379.06,379.358,364.1326,-2.21,1,2
376.86,379.6153333,364.5408,-3.86,1,2
376.86,379.726,364.8168,-6.62,1,2
376.86,379.6893333,365.0486,-7.72,1,2
374.1,379.616,365.3246,-4.96,1,2
375.2,379.1746667,365.5122,-5.52,1,2
371.89,378.77,365.788,-6.07,1,2
368.58,378.1813333,365.9756,-9.38,1,2
376.86,377.188,366.1302,-1.1,1,2
370.79,376.6733333,366.351,-9.38,1,2
368.03,376.122,366.616,-11.03,1,2
365.82,375.276,366.8808,-11.04,1,2
365.27,374.4666667,367.1346,-11.59,1,2
362.51,373.6206667,367.3664,-14.35,1,2
373.55,372.5906667,367.5872,-0.55,1,2
374.65,372.1493333,368.1942,-0.55,1,2
375.2,371.8553333,368.9336,3.31,1,1
373.55,371.7446667,369.5516,4.97,1,1
374.1,371.524,369.982,-2.76,1,2
375.2,371.34,370.4566,4.41,1,1
373.55,371.4133333,370.898,5.52,1,1
374.65,371.3033333,371.3064,8.83,2,1
370.23,371.4873333,371.6374,4.96,2,1
374.65,371.5973333,371.847,12.14,2,1
374.1,371.45,372.1892,0.55,2,1
372.44,371.6706667,372.4872,-2.21,2,2
370.79,371.9646667,372.6858,-4.41,2,2
370.23,372.296,372.9838,-3.32,2,2
368.58,372.6266667,373.2154,-5.52,2,2
380.72,373.0313333,373.425,5.52,2,1
379.61,373.5093333,373.8774,6.06,2,1
393.41,373.84,374.2526,18.76,2,1
391.2,375.054,374.8816,20.97,1,1
392.31,376.2306667,375.4774,17.66,1,1
400.58,377.4446667,376.0624,26.48,1,1
402.24,379.1366667,376.6472,29.8,1,1
404.44,381.0493333,377.188,33.65,1,1
407.2,383.0353333,377.7728,36.97,1,1
406.1,385.5,378.3686,37.52,1,1
401.13,387.5966667,378.9314,20.41,1,1
394.51,389.3986667,379.3396,14.9,1,1
397.82,390.87,379.6044,4.41,1,1
391.75,392.672,379.9464,0.55,1,1
388.99,394.1066667,380.1118,-3.32,1,2
392.86,395.4673333,380.2,-7.72,1,2
391.2,396.2766667,380.476,-11.04,1,2
390.65,397.0493333,380.6856,-13.79,1,2
395.06,396.8653333,380.9394,-12.14,1,2
405.55,397.1226667,381.2814,-0.55,1,2
403.89,398.0053333,381.8332,2.76,1,1
405.55,398.226,382.3076,11.04,1,1
405.55,398.4466667,382.8374,7.73,1,1
406.1,398.5206667,383.4112,14.35,1,1
402.79,398.4473333,383.996,13.8,1,1
412.17,398.2266667,384.5146,19.31,1,1
411.07,398.9626667,385.276,19.87,1,1
417.13,400.0666667,385.9934,26.48,1,1
418.24,401.354,386.8982,23.18,1,1
415.48,403.12,387.8914,9.93,1,1
415.48,404.886,388.6638,11.59,1,1
409.96,406.394,389.5576,4.41,1,1
407.2,407.6446667,390.3962,1.65,1,1
411.07,408.748,391.2238,4.97,1,1
416.58,409.8153333,392.1398,13.79,1,1
420.45,410.5506667,393.2212,8.28,1,1
420.45,411.6546667,394.1592,9.38,1,1
420.45,412.648,395.0752,3.32,1,1
421,413.6413333,395.9802,2.76,1,1
420.45,414.6346667,396.9292,4.97,1,1
419.34,415.812,397.8562,3.86,1,1
422.65,416.29,398.739,12.69,1,1
421.55,417.062,399.721,14.35,1,1
420.45,417.3566667,400.659,9.38,1,1
421.55,417.504,401.6634,4.97,1,1
422.1,417.9086667,402.6014,1.65,1,1
422.1,418.35,403.5614,1.65,1,1
421.55,419.1593333,404.5546,1.1,1,1
418.24,420.116,405.5698,-2.76,1,2
421,420.594,406.53,0.55,1,1
422.1,420.8886667,407.5784,2.76,1,1
422.65,420.9986667,408.406,0,1,0
418.79,421.1453333,409.2668,-2.76,1,2
419.89,421.0346667,409.7744,-0.56,1,2
418.24,420.9606667,410.3482,-3.31,1,2
419.34,420.8133333,410.8668,-2.76,1,2
414.38,420.8133333,411.242,-7.72,1,2
412.72,420.262,411.4848,-8.83,1,2
407.2,419.6733333,411.6504,-11.04,1,2
409.41,418.79,411.6504,-11.59,1,2
411.07,417.9806667,411.7166,-11.03,1,2
408.31,417.2453333,411.9154,-14.34,1,2
408.31,416.326,412.1914,-10.48,1,2
409.96,415.4433333,412.4012,-9.93,1,2
404.44,414.8913333,412.7654,-13.8,1,2
407.75,413.7873333,413.0744,-11.59,1,2
404.44,412.8306667,413.3722,-9.94,2,2
400.03,411.6166667,413.637,-12.69,2,2
395.62,410.366,413.8246,-11.58,2,2
393.96,408.748,413.8358,-15.45,2,2
402.24,407.1293333,413.604,-8.83,2,2
399.48,405.9893333,413.571,-8.83,2,2
402.79,404.996,413.4496,-5.52,2,2
405.55,404.334,413.3944,-4.41,2,2
407.2,404.224,413.3834,2.76,2,1
407.2,404.0766667,413.4716,-0.55,2,2
406.65,403.8186667,413.3722,2.21,2,1
406.65,403.708,413.2838,6.62,2,1
407.75,403.5973333,413.0742,12.13,2,1
415.48,403.45,412.8644,21.52,2,1
418.79,404.186,412.8644,16.55,2,1
423.2,404.922,412.9306,23.72,2,1
427.62,406.1726667,413.1954,24.83,2,1
425.41,408.012,413.6038,19.86,2,1
424.86,409.998,413.8906,17.66,2,1
418.24,412.058,414.0562,11.04,2,1
416.58,413.1246667,414.012,9.93,2,1
410.51,414.2646667,413.9346,3.86,1,1
413.82,414.7793333,413.7358,6.07,1,1
409.41,415.3306667,413.5922,-6.07,1,2
408.31,415.478,413.3714,-10.48,1,2
411.07,415.552,413.1508,-12.13,1,2
411.07,415.8466667,412.9192,-16.55,1,2
414.38,416.1413333,412.7096,-11.03,1,2
409.96,416.5833333,412.5882,-14.9,1,2
408.31,416.2153333,412.3564,-9.93,1,2
410.51,415.5166667,412.0806,-6.07,1,2
409.96,414.6706667,411.8488,-0.55,1,2
410.51,413.4933333,411.617,-3.31,1,2
408.31,412.5,411.4624,-1.1,1,2
409.96,411.3966667,411.2086,1.65,1,1
409.41,410.8446667,410.9658,-1.66,2,2
411.07,410.3666667,410.701,0,2,0
411.62,410.404,410.5466,-2.76,2,2
415.48,410.2573333,410.3812,5.52,2,1
422.1,410.662,410.326,13.79,1,1
422.65,411.5813333,410.3812,12.14,1,1
419.89,412.3533333,410.5466,9.93,1,1
422.1,412.9413333,410.69,11.59,1,1
420.45,413.456,410.988,12.14,1,1
412.17,414.1553333,411.2088,2.21,1,1
406.65,414.4126667,411.2308,-2.76,1,2
414.38,414.1553333,411.1976,3.31,1,1
414.38,414.45,411.319,2.76,1,1
407.75,414.708,411.4074,-7.73,1,2
409.96,414.6706667,411.4736,-12.14,1,2
412.17,414.6706667,411.5178,-10.48,1,2
415.48,414.8546667,411.6724,-4.41,1,2
421,415.1486667,411.9814,-1.1,1,2
419.34,415.774,412.489,-1.11,1,2
421.55,416.0313333,412.9966,9.38,1,1
422.65,415.9946667,413.3828,16,1,1
421.55,415.9946667,413.8462,7.17,1,1
419.34,416.1053333,414.2214,4.96,1,1
417.13,415.9213333,414.4972,9.38,1,1
419.89,415.7,414.6958,9.93,1,1
425.41,416.2146667,414.9496,13.24,1,1
423.76,417.4653333,415.3248,8.28,1,1
421.55,418.0906667,415.667,0.55,1,1
424.86,418.5686667,415.943,5.52,1,1
423.2,419.7093333,416.1306,1.65,1,1
416.58,420.592,416.2188,-6.07,1,2
418.24,420.886,416.0864,-3.31,1,2
418.24,421.07,415.8988,-1.1,1,2
418.24,420.886,415.7554,1.11,1,1
414.93,420.8126667,415.623,-4.96,1,2
416.58,420.3713333,415.5568,-8.83,1,2
401.13,419.9666667,415.5568,-22.63,1,2
405.55,418.6053333,415.3692,-16,1,2
416.86,417.686,415.2038,-8,1,2
418.79,417.668,415.3528,-4.41,1,2
419.34,417.5946667,415.5624,2.76,1,1
419.34,417.19,415.7278,1.1,1,1
417.13,416.8953333,415.8932,-1.11,1,2
416.58,416.6006667,415.9482,-1.66,1,2
417.13,416.0486667,416.0806,2.2,2,1
419.34,415.644,416.257,2.76,2,1
421.55,415.828,416.4336,20.42,2,1
423.76,416.0486667,416.6654,18.21,2,1
423.2,416.4166667,416.9304,6.34,2,1
424.86,416.7473333,417.2282,6.07,2,1
424.86,417.4093333,417.5262,5.52,2,1
421.55,417.9613333,417.8352,2.21,1,1
424.31,419.3226667,418.0448,7.18,1,1
423.2,420.5733333,418.2986,6.62,1,1
424.86,420.996,418.453,7.73,1,1
423.76,421.4006667,418.5082,4.42,1,1
419.34,421.6953333,418.5304,-2.21,1,2
416.03,421.6953333,418.5194,-7.73,1,2
411.07,421.622,418.398,-12.13,1,2
416.03,421.2546667,418.2104,-8.83,1,2
417.13,421.1813333,418.2876,-7.73,1,2
414.93,421.034,418.4972,-6.62,1,2
416.58,420.5926667,418.5082,-7.73,1,2
420.45,420.114,418.5522,-2.75,1,2
423.2,419.9306667,418.8062,-1.66,1,2
427.62,419.82,419.071,3.86,1,1
432.03,420.004,419.38,12.69,1,1
438.65,420.7026667,419.711,22.62,1,1
439.76,421.6586667,420.064,28.69,1,1
437,422.7626667,420.4724,20.97,1,1
440.31,423.572,420.7814,23.18,1,1
435.89,424.6753333,421.1346,20.96,1,1
435.89,425.7786667,421.4214,19.31,1,1
432.58,427.1026667,421.7524,12.13,1,1
427.62,428.5366667,422.0614,4.42,1,1
425.41,429.3093333,422.216,-2.21,1,2
427.07,429.8613333,422.216,-4.96,1,2
430.38,430.6706667,422.2822,-8.27,1,2
433.14,431.5906667,422.4588,-6.62,1,2
436.45,432.4366667,422.6244,-0.55,1,2
436.45,433.32,422.8894,-3.86,1,2
439.21,433.9086667,423.2868,3.32,1,1
445.83,434.3873333,423.7062,9.94,1,1
449.14,434.866,424.258,16.56,1,1
438.65,435.4913333,424.876,11.03,1,1
438.1,435.6013333,425.3504,12.69,1,1
447.48,435.454,425.7808,20.41,1,1
444.17,436.2266667,426.7078,13.79,1,1
445.27,436.7786667,427.4802,12.13,1,1
441.41,437.6246667,428.0484,4.96,1,1
440.31,438.544,428.5008,3.86,1,1
439.76,439.5373333,428.9202,0.55,1,1
442.52,440.3833333,429.3286,-3.31,1,2
444.17,441.1926667,429.8364,-4.97,1,2
445.83,441.928,430.3882,7.18,1,1
462.38,442.5533333,430.9622,24.28,1,1
464.03,444.282,431.823,16.55,1,1
465.14,445.9366667,432.6726,20.97,1,1
463.48,447.224,433.5002,18.21,1,1
466.24,448.18,434.3058,24.83,1,1
466.24,450.0193333,435.1334,25.93,1,1
462.38,451.8953333,435.961,22.62,1,1
455.76,452.8886667,436.7776,13.24,1,1
455.76,453.6613333,437.4066,11.59,1,1
457.41,454.3606667,438.0578,11.58,1,1
462.93,455.4273333,438.7088,0.55,1,1
462.38,456.9353333,439.4922,-1.65,1,2
464.03,458.4433333,440.353,-1.11,1,2
456.86,459.8773333,441.313,-6.62,1,2
451.9,460.7233333,442.2288,-14.34,1,2
456.31,461.128,442.9462,-9.93,1,2
454.65,460.7233333,443.7298,-7.73,1,2
456.86,460.098,444.5242,1.1,1,1
459.07,459.546,445.3298,3.31,1,1
456.86,459.252,446.1022,-0.55,1,2
454.65,458.6266667,446.7754,-8.28,1,2
462.38,457.854,447.316,0,1,0
465.69,457.854,447.923,1.66,1,1
466.24,458.516,448.4638,9.38,1,1
475.07,459.2146667,448.9934,23.17,1,1
473.41,460.392,449.7548,17.1,1,1
470.66,461.0906667,450.4168,16.01,1,1
468.45,461.6426667,451.1122,11.59,1,1
467.9,461.9373333,451.7634,8.83,1,1
466.79,462.6733333,452.4698,9.93,1,1
463.48,463.666,453.2532,8.83,1,1
464.03,464.144,454.0146,1.65,1,1
469.55,464.7693333,454.7538,3.86,1,1
469.55,465.6153333,455.5372,3.31,1,1
469.55,466.314,456.2654,-5.52,1,2
480.59,467.16,456.9274,7.18,1,1
483.35,468.8893333,457.8102,12.69,1,1
497.69,470.2873333,458.693,29.24,1,1
497.69,472.4206667,459.7302,29.79,1,1
496.04,474.5173333,460.7012,29.25,1,1
501,475.9153333,461.849,37.52,1,1
496.04,477.7546667,463.107,32.01,1,1
487.21,479.4466667,464.0782,17.66,1,1
482.24,480.6973333,464.939,12.69,1,1
492.73,481.6533333,465.6784,23.18,1,1
488.31,483.3826667,466.7048,7.72,1,1
492.73,485.038,467.6648,9.38,1,1
498.24,486.9513333,468.7242,0.55,1,1
507.62,488.864,469.8386,9.93,1,1
502.11,491.402,471.1076,6.07,1,1
497.14,493.5726667,472.2332,-3.86,1,2
498.8,494.676,472.9284,2.76,1,1
496.59,495.706,473.6238,9.38,1,1
492.17,495.6326667,474.2528,9.93,1,1
494.38,495.2646667,474.8266,1.65,1,1
491.07,495.154,475.3894,2.76,1,1
499.35,494.492,475.886,6.62,1,1
503.76,494.7126667,476.6254,5.52,1,1
508.18,495.816,477.5854,0.56,1,1
504.31,497.5453333,478.6338,2.2,1,1
512.04,498.3173333,479.5718,14.9,1,1
510.38,499.8993333,480.554,11.58,1,1
512.04,501.076,481.514,15.45,1,1
507.07,501.996,482.4742,14.9,1,1
507.62,501.9593333,483.4784,13.24,1,1
504.87,502.3266667,484.5928,13.8,1,1
507.62,502.842,485.564,8.27,1,1
506.52,503.43,486.6234,2.76,1,1
506.52,504.092,487.6166,-1.66,1,2
508.73,505.0486667,488.5656,4.42,1,1
507.07,506.0053333,489.603,-4.97,1,2
513.14,507.072,490.6514,2.76,1,1
518.66,507.9913333,491.6666,6.62,1,1
522.52,508.9846667,492.726,15.45,1,1
526.94,509.9406667,493.8516,19.32,1,1
531.9,511.4493333,494.889,27.03,1,1
534.11,512.7733333,496.0588,26.49,1,1
517.56,514.3553333,497.3278,11.04,1,1
515.9,514.7233333,498.31,9.38,1,1
515.35,515.312,499.27,6.62,1,1
519.21,515.8273333,500.2412,12.14,1,1
515.9,516.7833333,501.3558,2.76,1,1
512.59,517.3353333,502.3932,-6.07,1,2
515.35,517.74,503.254,-7.17,1,2
519.76,518.3286667,504.17,-7.18,1,2
521.97,519.064,505.1742,-9.93,1,2
526.38,520.0573333,506.0018,-7.73,1,2
524.18,520.94,506.8624,6.62,1,1
518.11,521.308,507.3922,2.21,1,1
515.9,521.014,507.8006,0.55,1,1
509.83,520.278,508.1978,-9.38,1,2
508.73,518.8066667,508.3744,-7.17,1,2
510.38,517.1146667,508.6282,-2.21,1,2
509.83,516.636,509.0916,-5.52,1,2
508.18,516.2313333,509.6434,-11.58,1,2
504.87,515.7533333,509.9524,-17.1,1,2
509.83,514.7973333,510.2836,-16.55,1,2
509.83,514.3926667,510.6256,-14.35,1,2
506.52,514.2086667,510.8574,-11.59,1,2
503.76,513.62,510.8354,-12.14,1,2
499.9,512.5533333,510.8684,-9.93,1,2
500.45,511.082,510.9236,-8.28,1,2
495.49,509.3533333,510.9566,-14.89,2,2
494.38,507.4406667,510.9346,-15.45,2,2
500.45,505.8586667,510.9788,-7.73,2,2
498.8,504.8286667,511.1002,-6.07,2,2
495.49,504.0933333,511.2548,-14.34,2,2
496.04,503.2106667,511.1776,-13.79,2,2
490.52,502.2546667,511.0232,-16,2,2
487.76,500.9673333,510.67,-16,2,2
492.73,499.606,510.339,-7.17,2,2
494.38,498.7966667,509.9528,-6.07,2,2
494.38,497.7666667,509.6328,-1.11,2,2
507.62,496.7366667,509.2796,13.24,2,1
507.07,496.81,509.2906,6.62,2,1
507.07,497.0306667,509.2796,8.27,2,1
507.07,497.5086667,509.3236,11.58,2,1
509.83,497.95,509.3126,13.79,2,1
504.31,498.906,509.3788,13.79,2,1
508.18,499.568,509.3346,20.42,2,1
512.04,500.0833333,509.3236,19.31,2,1
507.07,500.966,509.423,12.69,2,1
504.31,501.738,509.3016,9.93,2,1
500.45,502.2893333,509.0146,-7.17,2,2
501.55,502.9513333,508.5732,-5.52,2,2
500.45,503.8706667,508.0654,-6.62,2,2
500.45,504.3853333,507.4364,-6.62,2,2
498.24,504.79,506.7632,-11.59,2,2
506.52,505.0473333,506.3768,2.21,2,1
513.14,504.974,506.1892,4.96,2,1
520.87,505.3786667,506.145,8.83,2,1
528.59,506.2986667,506.1782,21.52,1,1
527.49,507.7333333,506.432,23.18,1,1
520.87,508.9106667,506.73,20.42,1,1
523.63,510.0146667,506.8404,22.08,1,1
514.25,511.0446667,506.9178,13.8,1,1
512.04,511.192,506.7634,11.59,1,1
509.83,511.5233333,506.4766,11.59,1,1
507.62,511.8913333,506.1896,1.1,1,1
507.62,512.3693333,505.9798,-5.52,1,2
507.62,512.774,505.8142,-13.25,1,2
507.62,513.252,505.77,-20.97,1,2
505.42,513.73,505.7478,-22.07,1,2
501,514.2086667,505.6486,-19.87,1,2
501,513.8406667,505.472,-22.63,1,2
501.55,513.0313333,505.3284,-12.7,1,2
500.45,511.7433333,505.262,-11.59,1,2
504.87,509.8673333,505.0744,-4.96,1,2
506.52,508.3593333,504.9752,-1.1,1,2
509.83,507.4026667,504.9752,2.21,1,1
512.04,506.4826667,505.0966,4.42,1,1
510.38,506.3353333,505.3394,2.76,1,1
512.04,506.2246667,505.538,6.62,1,1
512.59,506.372,505.869,11.59,1,1
509.28,506.7033333,506.2332,8.28,1,1
513.14,506.814,506.4098,11.59,1,1
514.8,507.182,506.6966,14.35,1,1
520.87,507.6606667,507.0828,16,1,1
520.31,508.6906667,507.5794,13.79,1,1
515.9,509.978,508.1752,6.07,1,1
518.66,510.9713333,508.738,6.62,1,1
517.56,512.112,509.2566,7.18,1,1
517,513.2526667,509.7202,4.96,1,1
520.31,514.0613333,510.1726,7.72,1,1
524.18,514.9806667,510.4264,14.9,1,1
521.97,515.9373333,510.7686,8.83,1,1
520.31,516.5993333,511.0666,5.51,1,1
521.97,517.2613333,511.3314,1.1,1,1
514.8,517.9233333,511.5742,-5.51,1,2
510.38,518.0706667,511.784,-5.52,1,2
514.25,518.144,511.828,-4.41,1,2
513.69,518.218,511.8722,-3.87,1,2
518.66,518.144,512.0046,1.66,1,1
518.66,517.9966667,512.2916,-1.65,1,2
520.31,517.8866667,512.6558,-3.87,1,2
519.21,518.1806667,513.031,-2.76,1,2
518.11,518.2173333,513.4062,-2.2,1,2
520.31,518.254,513.7594,-1.66,1,2
521.97,518.4746667,514.2008,7.17,1,1
528.04,518.5853333,514.5098,17.66,1,1
525.28,518.8426667,514.8078,11.03,1,1
520.87,519.0633333,514.896,7.18,1,1
523.07,519.1006667,514.7416,4.41,1,1
517.56,519.174,514.6532,-1.1,1,2
518.11,519.358,514.587,-2.2,1,2
513.69,519.8733333,514.4766,-5.52,1,2
507.62,519.836,514.4654,-10.49,1,2
511.49,519.4313333,514.377,-8.82,1,2
520.31,518.9533333,514.4102,-1.66,1,2
519.76,519.0633333,514.664,-8.28,1,2
519.76,519.0266667,514.9068,-5.52,1,2
527.49,519.0633333,515.1496,6.62,1,1
523.07,519.6886667,515.547,0,1,0
523.07,519.8726667,515.9,5.51,1,1
519.21,519.946,516.3414,1.1,1,1
525.83,519.3573333,516.7056,12.14,1,1
523.07,519.394,517.1912,15.45,1,1
519.76,519.5406667,517.6436,8.27,1,1
514.25,519.32,517.9414,-6.06,1,2
514.25,519.0993333,518.096,-5.51,1,2
521.42,518.842,518.1844,1.66,1,1
525.28,519.3573333,518.372,-2.21,1,2
519.21,520.5346667,518.67,-3.86,1,2
517.56,521.0493333,518.8134,-5.51,1,2
521.97,520.866,518.9128,2.76,1,1
523.63,521.0133333,519.1666,-2.2,1,2
513.14,521.2713333,519.3764,-9.93,1,2
504.87,520.3146667,519.3432,-14.89,1,2
504.87,519.1013333,519.0232,-9.38,1,2
514.25,517.888,518.7144,0,2,0
514.8,517.5573333,518.6814,-6.62,2,2
514.8,516.822,518.6042,-10.48,2,2
510.38,516.2706667,518.549,-8.83,2,2
512.59,515.6453333,518.4166,-4.97,2,2
520.31,515.5346667,518.2622,-1.66,2,2
513.14,515.9386667,518.1848,-10.49,2,2
510.38,515.3866667,518.0082,-2.76,2,2
507.07,514.3933333,517.8096,2.2,2,1
510.93,513.584,517.5116,6.06,2,1
519.21,513.142,517.4342,4.96,2,1
523.07,512.958,517.6108,8.27,2,1
529.69,512.9206667,517.7872,14.89,2,1
530.25,514.024,518.1072,19.87,2,1
542.94,515.716,518.339,30.35,2,1
566.11,518.254,518.8246,45.8,2,1
584.32,521.7113333,519.7406,71.18,1,1
577.15,526.346,521.0428,66.77,1,1
580.46,530.5026667,522.2236,73.39,1,1
570.53,535.1746667,523.4266,59.6,1,1
577.15,539.0373333,524.3978,57.94,1,1
578.8,542.8266667,525.38,55.73,1,1
585.98,547.204,526.4504,56.29,1,1
584.87,552.244,527.7526,54.62,1,1
575.49,557.4306667,528.9886,32.55,1,1
584.87,561.7346667,530.1472,18.76,1,1
594.25,566.112,531.4824,9.93,1,1
589.84,570.8573333,533.0936,12.69,1,1
586.53,574.8673333,534.738,6.07,1,1
574.94,578.6193333,536.2388,4.41,1,1
568.87,580.7526667,537.3314,-8.28,1,2
565.56,580.9366667,538.3136,-13.24,1,2
571.08,579.686,539.2296,-14.9,1,2
570.53,579.2813333,540.1014,-14.34,1,2
574.39,578.6193333,541.0506,-1.1,1,2
573.84,578.8766667,542.077,-11.03,1,2
581.01,578.656,543.1696,-13.24,1,2
587.63,578.8033333,544.2732,-2.21,1,2
601.98,578.9133333,545.5644,15.45,1,1
603.63,580.054,547.2088,28.69,1,1
594.25,581.93,548.9964,25.38,1,1
599.22,582.5553333,550.5964,33.66,1,1
603.63,582.8866667,552.1524,32.55,1,1
611.91,583.806,553.7194,41.38,1,1
606.39,585.498,555.5734,32,1,1
605.29,587.5946667,557.35,31.45,1,1
608.05,590.0226667,559.0164,27.04,1,1
606.39,592.8553333,560.7048,18.76,1,1
611.91,595.2093333,562.5698,9.93,1,1
610.25,597.968,564.7106,6.62,1,1
611.91,600.3586667,566.8182,17.66,1,1
595.91,602.8966667,568.7714,-3.31,1,2
588.18,603.89,570.3936,-15.45,1,2
595.35,603.9266667,571.8612,-16.56,1,2
595.35,603.4846667,573.5606,-11.04,1,2
601.42,602.9326667,575.2158,-3.87,1,2
595.35,603.4106667,576.838,-12.7,1,2
582.66,603.1526667,578.4822,-23.73,1,2
581.01,601.7546667,579.9278,-30.9,1,2
582.11,599.6946667,581.4066,-28.14,1,2
577.15,598.076,582.8302,-34.76,1,2
582.66,596.2,583.989,-13.25,1,2
577.15,594.5073333,585.1808,-11.03,1,2
572.73,592.558,586.13,-22.62,1,2
573.28,589.946,586.9796,-22.07,1,2
583.22,587.4813333,587.5864,-18.2,2,2
591.49,585.5686667,587.9286,-3.86,2,2
592.6,585.274,588.072,9.94,2,1
595.35,585.5686667,588.381,14.34,2,1
592.6,585.5686667,588.6788,10.49,2,1
588.18,585.3853333,589.1202,11.03,2,1
580.46,584.5026667,589.3408,-2.2,2,2
579.35,583.51,589.374,2.2,2,1
583.77,583.2893333,589.2414,11.04,2,1
584.32,583.4733333,589.2194,11.04,2,1
585.98,583.6206667,589.396,2.76,2,1
587.08,584.2093333,589.4182,-4.41,2,2
590.94,584.504,589.2748,-1.66,2,2
590.39,585.4233333,589.2968,-4.96,2,2
590.39,586.6006667,589.374,-2.21,2,2
593.15,587.7413333,589.683,4.97,2,1
599.22,588.4033333,590.1686,18.76,2,1
599.77,588.9186667,590.8418,20.42,2,1
611.36,589.3966667,591.4156,27.59,2,1
615.77,590.464,592.2322,31.45,2,1
617.43,592.0086667,593.0598,31.45,2,1
617.43,593.9586667,593.9316,30.35,1,1
617.43,596.4233333,594.66,26.49,1,1
622.94,598.962,595.256,32.55,1,1
614.67,601.5733333,595.6752,24.28,1,1
615.22,603.5966667,595.896,22.07,1,1
615.22,605.546,596.3154,16,1,1
616.32,607.422,596.6354,16.55,1,1
603.08,609.114,596.8892,-8.28,1,2
602.53,609.96,596.7126,-13.24,1,2
599.22,610.7693333,596.6354,-18.21,1,2
600.87,611.174,596.514,-16.56,1,2
589.84,611.284,596.3704,-27.59,1,2
579.91,610.622,596.0394,-43.03,1,2
581.56,608.5253333,595.3994,-33.11,1,2
585.98,606.2446667,594.8256,-29.24,1,2
589.29,604.148,594.307,-25.93,1,2
595.35,602.272,594.1746,-20.97,1,2
600.32,600.8,594.318,-2.76,1,2
604.73,599.292,594.4174,2.2,1,1
610.25,598.6293333,594.605,11.03,1,1
611.91,598.298,594.7816,11.04,1,1
611.91,598.0773333,595.1128,22.07,1,1
617.98,597.7833333,595.6978,38.07,1,1
619.08,598.7766667,596.4372,37.52,1,1
618.53,599.88,597.1766,32.55,1,1
612.46,601.1673333,598.0042,23.17,1,1
621.29,601.94,598.6002,25.94,1,1
624.05,604.0366667,599.483,23.73,1,1
633.43,606.9793333,600.5094,28.7,1,1
634.53,610.4373333,601.7124,24.28,1,1
635.08,613.674,602.7386,23.17,1,1
637.29,616.7266667,603.6104,25.38,1,1
633.43,619.5226667,604.5042,15.45,1,1
630.67,621.73,605.2658,11.59,1,1
633.43,623.4593333,606.0272,14.9,1,1
639.5,625.0046667,606.9322,27.04,1,1
640.6,626.844,608.113,19.31,1,1
631.22,628.7566667,609.338,7.17,1,1
630.67,629.6393333,610.287,-2.76,1,2
636.19,630.412,611.214,1.66,1,1
632.32,631.5893333,612.2182,-2.76,1,2
632.32,632.9133333,613.123,-4.97,1,2
640.05,633.6486667,613.9506,6.62,1,1
656.05,634.7153333,614.9438,25.38,1,1
666.53,636.2233333,616.257,33.1,1,1
675.91,638.3566667,617.7246,36.41,1,1
679.22,641.0786667,619.2584,38.62,1,1
674.81,643.874,620.8474,43.59,1,1
666.53,646.6326667,622.1164,35.86,1,1
667.08,649.0233333,623.1316,30.89,1,1
671.5,651.2666667,624.1246,39.18,1,1
683.09,653.4,625.206,50.77,1,1
686.4,656.2326667,626.5192,46.35,1,1
687.5,659.9113333,627.7884,31.45,1,1
688.6,663.7,629.245,22.07,1,1
686.4,667.194,630.7126,10.49,1,1
684.74,670.7993333,632.1362,5.52,1,1
675.91,674.294,633.5046,1.1,1,1
668.19,676.6846667,634.9612,1.66,1,1
665.43,677.494,636.2744,-1.65,1,2
669.29,677.4206667,637.5986,-2.21,1,2
663.77,676.9793333,638.967,-19.32,1,2
662.12,675.9493333,640.4456,-24.28,1,2
656.6,675.1033333,642.0898,-30.9,1,2
655.5,674.4413333,643.5906,-33.1,1,2
655.5,673.6693333,644.981,-30.9,1,2
645.01,672.6026667,646.3052,-39.73,1,2
647.22,670.064,647.2984,-28.69,1,2
656.05,667.452,648.2364,-12.14,1,2
654.95,665.3553333,649.2628,-10.48,1,2
656.05,663.112,650.1568,-13.24,1,2
641.7,661.0886667,651.0396,-22.07,1,2
631.22,658.2193333,651.6354,-30.9,1,2
623.49,655.24,651.9002,-33.11,1,2
615.22,652.26,651.9884,-40.28,1,2
615.22,648.9126667,651.9222,-40.28,2,2
615.22,645.308,651.9774,-29.79,2,2
621.29,642.0713333,651.856,-25.93,2,2
621.84,639.3493333,651.8008,-34.21,2,2
619.63,637.032,651.569,-35.32,2,2
616.87,634.6406667,651.271,-39.18,2,2
619.63,632.0653333,650.9068,-22.07,2,2
623.49,630.3733333,650.5536,-7.73,2,2
620.18,628.7913333,650.3548,-3.31,2,2
617.98,626.4,650.145,2.76,2,1
615.22,623.9353333,649.836,0,2,0
608.05,621.2133333,649.3504,-7.17,2,2
603.63,618.97,648.6994,-17.66,2,2
597.56,617.1306667,648.1476,-24.28,2,2
594.8,615.402,647.4854,-24.83,2,2
597.29,614.0406667,646.6576,-19.58,2,2
597.29,612.8453333,645.957,-22.34,2,2
599.77,611.65,645.2564,-23.72,2,2
600.87,610.2153333,644.4508,-19.31,2,2
600.32,608.8173333,643.3472,-17.66,2,2
599.22,607.53,642.023,-16,2,2
604.18,606.3533333,640.4892,-3.87,2,2
601.98,605.3233333,638.9884,-1.65,2,2
601.42,603.8893333,637.5318,3.86,2,1
609.15,602.6386667,636.2296,14.35,2,1
587.08,602.05,635.071,-10.21,2,2
583.77,600.174,633.3826,-13.52,2,2
571.63,598.5553333,631.3962,-28.14,2,2
559.49,596.422,629.1008,-41.38,2,2
549.56,593.884,626.5406,-50.76,2,2
551.21,590.868,623.7598,-48.01,2,2
557.83,587.796,621.056,-46.35,2,2
567.22,585.1653333,618.5178,-34.76,2,2
565.56,582.9953333,616.344,-35.86,2,2
565.56,580.6413333,614.2914,-43.59,2,2
561.7,578.324,612.294,-25.38,2,2
561.7,575.8226667,610.1422,-22.07,2,2
561.7,572.9906667,608.1008,-9.93,2,2
564.46,570.3053333,606.0924,4.97,2,1
563.35,567.8413333,604.2496,13.79,2,1
560.59,564.788,602.4066,9.38,2,1
566.11,563.022,600.5084,8.28,2,1
566.11,561.8446667,598.9304,-1.11,2,2
571.63,561.4766667,597.3082,6.07,2,1
570.53,562.286,595.6198,4.97,2,1
568.87,563.684,593.9314,7.17,2,1
576.04,564.8613333,592.1878,14.34,2,1
578.25,566.0753333,590.8746,16.55,2,1
571.63,566.8106667,589.8152,7.17,2,1
568.32,567.2153333,588.778,4.97,2,1
572.73,567.3993333,587.84,12.14,2,1
576.59,568.1346667,586.9902,10.48,2,1
575.49,569.1273333,586.2176,9.38,2,1
574.39,570.0466667,585.3016,2.76,2,1
569.97,570.7086667,584.3526,-0.56,2,2
570.53,571.15,583.3594,1.66,2,1
570.53,571.8126667,582.4326,-5.51,2,2
571.08,572.1073333,581.4506,-7.17,2,2
568.87,572.4386667,580.4024,-2.76,2,2
566.66,572.2546667,579.3762,-1.66,2,2
558.94,571.9966667,578.3498,-13.79,2,2
551.77,571.3346667,577.2242,-24.82,2,2
554.52,569.7166667,576.0986,-20.97,2,2
555.08,568.1346667,575.1164,-19.31,2,2
558.39,567.0313333,574.2668,-11.58,2,2
556.73,566.3693333,573.5386,-13.8,2,2
552.87,565.3026667,572.7274,-17.66,2,2
539.07,563.7213333,571.839,-32.01,2,2
525.83,561.2933333,570.625,-43.04,2,2
526.94,558.056,569.1242,-39.72,2,2
529.14,555.1873333,567.6566,-29.8,2,2
533.01,552.428,566.255,-18.76,2,2
523.63,549.9266667,564.8316,-30.89,2,2
522.52,546.7633333,563.2646,-32.56,2,2
525.28,543.6733333,561.6866,-33.11,2,2
525.83,540.9146667,560.0092,-30.9,2,2
529.69,538.7073333,558.7842,-23.18,2,2
535.21,537.2353333,557.7026,-3.86,2,2
536.87,535.948,556.9742,11.04,2,1
538.52,534.734,556.5218,11.58,2,1
541.83,533.4093333,556.301,12.69,2,1
545.14,532.416,556.1134,12.13,2,1
542.94,531.9006667,555.8596,19.31,2,1
537.97,532.1586667,555.374,15.45,2,1
530.25,532.968,554.8222,4.97,2,1
529.69,533.1886667,554.116,3.86,2,1
530.8,533.2253333,553.4758,1.11,2,1
524.73,533.078,552.8578,-10.48,2,2
532.45,533.1513333,552.1184,-4.42,2,2
538.52,533.8133333,551.4782,0,2,0
544.04,534.696,550.9816,2.21,2,1
555.08,535.91,550.6506,9.94,2,1
565.56,537.6026667,550.43,22.62,2,1
584.32,539.626,550.419,46.35,2,1
578.8,542.7893333,550.6728,48.55,2,1
582.66,545.4746667,550.8382,52.97,2,1
584.87,548.1966667,551.114,54.07,2,1
590.39,550.8453333,551.2906,65.66,2,1
594.8,554.0086667,551.5334,62.35,1,1
592.04,557.7973333,551.9968,53.52,1,1
593.15,561.9166667,552.4712,49.11,1,1
593.15,566.1473333,552.8796,38.07,1,1
604.73,570.304,553.2108,39.17,1,1
602.53,575.6373333,553.7956,18.21,1,1
601.98,580.3093333,554.3584,23.18,1,1
594.8,584.54,554.9986,12.14,1,1
591.49,587.924,555.484,6.62,1,1
587.63,590.3513333,555.9032,-2.76,1,2
587.63,591.8226667,556.2342,-7.17,1,2
585.42,592.0433333,556.6094,-6.62,1,2
583.77,592.4846667,556.9846,-9.38,1,2
576.59,592.5586667,557.4812,-16.56,1,2
582.11,592.0066667,557.9776,-22.62,1,2
578.25,591.4546667,558.5294,-24.28,1,2
578.8,590.3513333,558.9928,-23.18,1,2
584.32,589.4686667,559.401,-10.48,1,2
589.84,588.88,559.9528,-1.65,1,2
588.18,588.6593333,560.6922,0.55,1,1
599.77,587.556,561.6744,12.14,1,1
595.91,587.372,563.1532,10.49,1,1
593.15,586.9673333,564.5326,9.38,1,1
595.35,586.8573333,565.8128,18.76,1,1
589.84,587.1146667,567.0596,7.73,1,1
590.39,587.262,568.3838,12.14,1,1
583.22,587.446,569.7412,4.42,1,1
576.59,587.2993333,570.9,-7.73,1,2
583.77,586.8206667,571.9152,-6.07,1,2
586.53,587.2993333,572.9968,-1.65,1,2
586.53,587.594,574.0232,-13.24,1,2
583.22,588.146,575.0164,-12.69,1,2
580.46,588.4406667,575.9104,-12.69,1,2
579.35,588.1833333,576.683,-16,1,2
584.32,587.484,577.3672,-5.52,1,2
593.7,587.2266667,578.1948,3.31,1,1
603.63,586.822,579.3094,20.41,1,1
615.22,587.3366667,580.777,38.63,1,1
617.98,588.808,582.4876,34.21,1,1
617.98,590.3166667,584.2312,31.45,1,1
624.6,592.1926667,586.0962,38.07,1,1
634.53,594.4733333,587.9392,51.31,1,1
638.39,597.894,589.8594,57.93,1,1
636.19,602.014,591.7464,56.84,1,1
634.53,605.5086667,593.3686,50.21,1,1
629.56,608.7086667,594.748,35.86,1,1
629.56,611.5773333,595.6528,25.93,1,1
635.08,614.6666667,596.668,19.86,1,1
643.36,618.308,597.7164,25.38,1,1
644.46,622.5753333,598.8862,26.48,1,1
631.77,626.5846667,599.9676,7.17,1,1
620.74,629.1226667,600.707,-13.79,1,2
608.05,630.2633333,601.281,-30.34,1,2
612.46,629.7853333,601.579,-23.73,1,2
621.84,629.4173333,601.9652,-12.69,1,2
623.49,629.6746667,602.3074,-6.07,1,2
608.6,629.6006667,602.7266,-20.96,1,2
599.22,627.872,602.859,-35.86,1,2
609.7,625.2606667,602.9474,-33.66,1,2
612.46,623.4946667,603.3116,-32,1,2
615.22,622.0233333,603.8082,-16.55,1,2
618.53,621.0673333,604.36,-2.21,1,2
610.25,620.332,605.0222,2.2,1,1
601.42,618.6766667,605.5518,-11.04,1,2
602.53,615.8806667,606.0484,-19.31,1,2
604.73,613.0853333,606.4568,-18.76,1,2
608.05,611.2826667,606.9864,-0.55,1,2
618.53,610.4366667,607.5714,19.31,1,1
618.53,611.1353333,608.2556,8.83,1,1
627.36,611.54,608.8294,14.9,1,1
642.25,611.908,609.613,27.03,1,1
640.05,613.1586667,610.4626,21.52,1,1
645.57,615.2553333,611.3454,35.32,1,1
646.67,618.3453333,612.3938,45.25,1,1
643.36,620.81,613.4202,40.83,1,1
647.77,622.87,614.4906,43.04,1,1
646.12,625.04,615.6382,38.07,1,1
651.08,626.8793333,616.8962,32.55,1,1
647.77,629.6013333,618.386,29.24,1,1
644.46,632.6913333,619.666,17.1,1,1
639.5,635.4866667,620.8246,-2.75,1,2
643.91,637.8046667,621.884,3.86,1,1
646.67,640.1953333,623.0978,1.1,1,1
654.95,642.0713333,624.422,8.28,1,1
654.95,644.4993333,625.934,11.59,1,1
659.08,646.3386667,627.3466,11.31,1,1
667.08,647.4606667,628.6542,20.96,1,1
670.4,649.2626667,629.9232,19.32,1,1
670.4,650.918,631.0268,22.63,1,1
670.4,652.5,632.0752,25.94,1,1
669.29,654.3026667,633.1236,29.79,1,1
663.77,655.7373333,634.0174,19.86,1,1
663.77,656.914,634.6022,17.1,1,1
663.77,657.76,635.1098,8.82,1,1
661.57,658.8266667,635.6614,6.62,1,1
658.81,659.9673333,636.2022,-0.27,1,2
664.88,661.2546667,636.7872,-2.2,1,2
669.84,662.6526667,637.4936,-0.56,1,2
661.02,664.1973333,638.1888,-9.38,1,2
648.88,664.602,638.542,-21.52,1,2
643.36,664.1973333,638.6304,-25.93,1,2
641.15,663.1493333,638.8622,-22.62,1,2
642.81,661.4206667,639.2704,-20.96,1,2
648.32,659.5813333,639.9656,-15.45,1,2
659.91,658.1093333,640.6828,-1.66,1,2
666.53,657.41,641.4442,7.72,1,1
661.02,657.226,642.305,-3.86,1,2
656.6,657.0426667,643.3534,-13.24,1,2
658.26,656.5646667,644.501,-2.76,1,2
654.95,656.1973333,645.4722,6.07,1,1
658.26,655.756,646.322,14.9,1,1
658.81,655.7193333,647.1828,17.66,1,1
661.02,655.3146667,647.9884,18.21,1,1
670.95,654.7266667,649.0038,22.63,1,1
672.05,655.3886667,650.3944,12.14,1,1
682.53,656.9333333,651.7848,16,1,1
677.02,659.5446667,653.3408,16,1,1
680.33,661.936,654.7202,23.73,1,1
672.05,664.4373333,655.9562,13.79,1,1
675.36,666.0193333,657.0266,20.41,1,1
680.33,667.0493333,657.9866,22.07,1,1
677.02,667.9693333,658.7482,18.21,1,1
671.5,669.036,659.4876,10.48,1,1
669.84,670.0293333,660.0062,-1.11,1,2
668.74,670.8013333,660.4696,-3.31,1,2
675.36,671.7206667,660.9772,-7.17,1,2
676.46,672.8606667,661.529,-0.56,1,2
665.43,674.0373333,662.1358,-14.9,1,2
661.57,674.3313333,662.4228,-10.48,1,2
641.15,673.706,662.6988,-34.21,1,2
634.53,671.646,662.6326,-45.8,1,2
619.08,668.446,662.5332,-57.94,1,2
623.49,664.5833333,662.0366,-48.01,1,2
633.98,660.794,661.573,-35.86,2,2
618.53,658.256,661.1536,-50.21,2,2
614.11,654.4673333,660.4252,-61.25,2,2
614.11,650.0526667,659.5258,-62.35,2,2
610.25,645.8586667,658.4664,-55.18,2,2
617.43,641.7753333,657.2634,-44.14,2,2
611.36,638.2813333,656.204,-29.79,2,2
600.6,634.456,655.0232,-33.93,2,2
601.42,629.472,653.6494,-17.66,2,2
597.01,624.4693333,652.4024,-26.48,2,2
601.98,619.908,651.0672,-32,2,2
598.67,615.9353333,649.8314,-19.86,2,2
593.15,613.1033333,648.5734,-20.96,2,2
596.46,610.3446667,647.2602,-17.65,2,2
583.77,608.8366667,645.8918,-26.48,2,2
582.66,606.1886667,644.1704,-34.77,2,2
588.18,602.7673333,642.6032,-23.18,2,2
581.01,600.744,641.3892,-19.59,2,2
576.59,598.5373333,640.1422,-24.83,2,2
577.7,596.036,638.851,-19.31,2,2
564.46,593.866,637.5488,-37.52,2,2
567.22,590.3346667,635.8716,-31.45,2,2
561.15,587.392,634.0178,-32,2,2
558.94,584.762,631.9102,-37.52,2,2
558.94,581.93,629.8686,-24.83,2,2
558.94,579.392,627.9154,-23.72,2,2
563.9,576.5226667,625.929,-24.28,2,2
564.46,574.2046667,624.108,-16.55,2,2
562.8,572.292,622.232,-13.79,2,2
563.35,570.048,620.3118,-14.35,2,2
567.22,568.6866667,618.3584,2.76,2,1
577.15,567.6573333,616.2838,9.93,2,1
580.46,566.922,614.3858,19.31,2,1
580.46,566.8853333,612.3444,21.52,2,1
592.04,567.1433333,610.4132,33.1,2,1
583.77,568.0993333,608.6474,24.83,2,1
575.49,569.3866667,606.8818,11.59,2,1
581.01,569.938,604.8844,16.55,2,1
582.39,571.262,602.898,19.59,2,1
597.01,572.8253333,601.0054,33.66,2,1
593.15,575.3633333,599.5156,25.93,2,1
601.42,577.644,597.9818,24.27,2,1
601.98,580.1453333,596.6354,21.52,2,1
596.46,582.6466667,595.1678,16,2,1
591.77,584.8906667,593.5678,-0.27,2,2
591.77,586.7853333,592.0946,8,2,1
588.73,588.422,590.6986,13.24,2,1
578.8,589.194,589.6502,-2.21,2,2
588.18,589.0833333,588.5356,5.79,1,1
592.6,589.598,587.9176,-4.41,1,2
592.6,589.6353333,587.2998,-0.55,1,2
593.7,590.224,586.4722,-7.72,1,2
592.6,591.438,585.9756,-9.38,1,2
595.91,592.2106667,585.5454,-0.55,1,2
564.46,593.112,585.1814,-27.31,1,2
563.9,590.942,584.2656,-27.87,1,2
560.04,588.992,583.195,-28.69,1,2
552.87,586.2333333,582.1686,-25.93,1,2
561.15,582.9593333,581.214,-27.03,1,2
557.28,580.6053333,580.4086,-35.32,1,2
552.32,578.306,579.614,-40.28,2,2
551.77,575.676,578.6208,-41.93,2,2
545.7,573.212,577.6828,-46.9,2,2
549.01,571.0053333,576.7338,-46.9,2,2
553.42,568.394,575.7848,-11.04,2,2
553.42,565.782,575.1778,-10.48,2,2
557.28,563.17,574.593,-2.76,2,2
549.01,560.742,573.975,-3.86,2,2
553.97,557.836,573.335,-7.18,2,2
550.11,555.04,572.8826,-7.17,2,2
537.97,554.0833333,572.3308,-14.35,2,2
545.14,552.3546667,571.801,-6.63,2,2
556.18,551.3613333,571.3594,10.48,2,1
554.52,551.582,571.26,5.51,2,1
553.97,551.14,571.1716,0.55,2,1
551.77,550.9193333,571.0722,-1.65,2,2
557.28,550.8826667,570.9288,0,2,0
557.28,551.25,570.7964,8.27,2,1
555.08,552.022,570.6528,1.11,2,1
552.87,552.4266667,570.4984,2.76,2,1
544.04,552.39,570.2888,6.07,2,1
538.52,551.7646667,569.8252,-6.62,2,2
536.87,550.514,569.0526,-19.31,2,2
536.87,549.7046667,568.1808,-17.65,2,2
529.14,548.5646667,567.309,-24.83,2,2
530.8,547.1666667,566.051,-20.97,2,2
532.45,546.6886667,564.9916,-24.83,2,2
535.21,545.8426667,564.1308,-22.07,2,2
532.45,544.4446667,563.2148,-22.63,2,2
535.21,542.9733333,562.216,-17.66,2,2
534.11,541.7226667,560.98,-9.93,2,2
535.76,540.5453333,559.7992,-2.76,2,2
539.07,539.1106667,558.486,2.2,2,1
546.25,537.8966667,557.2278,9.38,2,1
546.25,537.308,556.2236,17.11,2,1
553.97,536.8666667,555.3132,23.17,2,1
547.9,537.5286667,554.5572,15.45,2,1
546.25,538.154,553.7406,11.04,2,1
550.11,538.7793333,553.0896,17.66,2,1
557.28,539.662,552.3282,22.07,2,1
554.52,541.538,551.6218,20.41,2,1
556.73,543.1193333,550.8602,20.97,2,1
561.15,544.738,550.1208,22.08,2,1
561.7,546.4673333,549.4918,15.45,2,1
561.15,548.4173333,548.8076,14.9,2,1
557.28,550.1466667,548.7414,3.31,1,1
560.04,551.6913333,548.609,12.14,1,1
555.63,553.31,548.609,9.38,1,1
557.83,554.414,548.6642,7.72,1,1
557.28,555.186,548.5978,0,1,0
564.46,555.9213333,548.5978,9.94,1,1
577.15,556.6206667,548.8406,20.42,1,1
578.25,558.5706667,549.3482,17.1,1,1
578.8,560.704,549.9992,17.1,1,1
588.73,562.6166667,550.595,27.58,1,1
596.46,564.7133333,551.3012,39.18,1,1
586.53,567.5093333,552.162,26.49,1,1
582.66,569.496,552.747,27.03,1,1
574.94,570.93,553.42,17.11,1,1
605.29,571.8126667,553.8394,48.01,1,1
610.8,574.7553333,554.943,46.34,1,1
621.29,578.3233333,556.3996,44.14,1,1
623.49,582.4066667,557.9226,45.24,1,1
617.98,586.9306667,559.2688,39.18,1,1
622.94,590.9406667,560.538,34.21,1,1
621.29,595.318,561.9174,24.83,1,1
618.53,599.1066667,563.3078,32,1,1
624.05,601.8653333,564.5328,41.39,1,1
628.46,604.9186667,565.8682,53.52,1,1
645.01,608.2293333,567.3358,39.72,1,1
645.01,611.9813333,569.1786,34.21,1,1
632.32,615.218,571.198,11.03,1,1
633.98,618.2706667,573.074,10.49,1,1
629.56,621.692,575.0162,11.58,1,1
635.08,625.3333333,576.87,12.14,1,1
641.7,627.3193333,578.9888,20.41,1,1
637.84,629.3793333,581.2068,19.31,1,1
638.39,630.4826667,583.3146,14.34,1,1
640.05,631.476,585.3782,11.59,1,1
642.81,632.9473333,587.5302,-2.2,1,2
632.32,634.272,589.6822,-12.69,1,2
630.12,635.0073333,591.6464,-2.2,1,2
616.87,635.78,593.5336,-17.11,1,2
618.53,635.3013333,595.0896,-11.03,1,2
620.74,634.6393333,596.5352,-14.34,1,2
618.53,633.0213333,598.025,-23.17,1,2
608.05,631.256,599.3162,-29.79,1,2
606.39,629.638,600.5192,-32,1,2
605.29,627.7986667,601.722,-34.76,1,2
606.94,626.1806667,602.8256,-35.87,1,2
601.42,624.3046667,603.8188,-30.9,1,2
608.05,621.6193333,604.7568,-22.07,1,2
611.91,619.6333333,605.7832,-4.96,1,2
615.77,617.868,606.7984,-2.76,1,2
620.18,616.2493333,607.8798,-0.56,1,2
613.56,614.7406667,609.0604,-4.97,1,2
620.74,613.49,610.186,12.69,1,1
611.91,612.8646667,611.4,5.52,1,1
609.15,612.534,612.5256,3.86,1,1
604.18,611.9086667,613.552,-2.76,2,2
611.91,610.8046667,614.49,10.49,2,1
619.08,610.3633333,615.439,11.03,2,1
623.49,611.0986667,616.2776,11.58,2,1
633.43,612.2386667,617.1824,17.66,2,1
631.22,614.1146667,618.275,11.04,2,1
638.39,615.7333333,619.1248,24.83,2,1
636.74,618.198,619.9634,16,2,1
627.36,620.1106667,620.9676,15.45,2,1
629.01,621.1406667,621.8616,19.86,2,1
624.6,622.0233333,622.943,20.42,2,1
624.6,622.318,623.3292,12.69,2,1
615.77,623.054,623.6052,-3.31,2,2
615.77,622.7226667,623.4948,-7.72,2,2
617.43,622.98,623.3404,-16,2,2
625.15,623.532,623.3294,-6.07,1,2
627.91,624.93,623.3736,-10.48,1,2
630.12,625.9966667,623.506,-6.62,1,2
622.39,626.7326667,623.7378,-4.97,1,2
626.25,626.6593333,623.7046,-2.76,1,2
624.05,626.1806667,623.6604,-0.55,1,2
622.94,625.7026667,623.2412,-1.66,1,2
620.74,624.6726667,622.7998,4.97,1,1
625.7,623.606,622.5682,9.93,1,1